<?xml version="1.0" encoding="UTF-8"?>
<project-private xmlns="http://www.netbeans.org/ns/project-private/1">
    <editor-bookmarks xmlns="http://www.netbeans.org/ns/editor-bookmarks/2" lastBookmarkId="0"/>
    <open-files xmlns="http://www.netbeans.org/ns/projectui-open-files/2">
        <group>
            <file>file:/C:/xampp/htdocs/graduation_store/remove_from_cart.php</file>
            <file>file:/C:/xampp/htdocs/graduation_store/index.html</file>
            <file>file:/C:/xampp/htdocs/graduation_store/delete_product.php</file>
            <file>file:/C:/xampp/htdocs/graduation_store/cart.php</file>
            <file>file:/C:/xampp/htdocs/graduation_store/add_to_cart.php</file>
            <file>file:/C:/xampp/htdocs/graduation_store/style.css</file>
            <file>file:/C:/xampp/htdocs/graduation_store/config.php</file>
            <file>file:/C:/xampp/htdocs/graduation_store/products.php</file>
            <file>file:/C:/xampp/htdocs/graduation_store/add_product.php</file>
            <file>file:/C:/xampp/htdocs/graduation_store/edit_product.php</file>
            <file>file:/C:/xampp/htdocs/graduation_store/database/asDB.sql</file>
        </group>
    </open-files>
</project-private>
